id;code;first_name;second_name;last_name;position;room
1;RAM visualize invoice;Robert;Savings Account transmitting;Cummerata;parsing;interface Senior Administrator
2;invoice models payment;Ana;SMTP Courts Burundi;Kuhlman;real-time SSL Personal Loan Account;grow
3;Steel firmware bypass;Ezequiel;Cambridgeshire;O'Hara;Virtual;B2C robust Directives
4;purple Concrete;Sylvia;Garden Orchestrator coherent;Lang;Sports transition invoice;Nevada Savings Account
5;Soft Borders Dynamic;Litzy;plug-and-play;Rodriguez;networks parsing;Keyboard Incredible Frozen Shoes
6;Developer Crescent cyan;Elinore;Square Rial Omani;Bartoletti;Orchestrator;Baht Ball
7;AGP Soft;Elvie;optical Cambridgeshire moratorium;Hessel;Money Market Account;Canyon
8;Pitcairn Islands;Kelley;sensor Steel Supervisor;Boyer;implement;moderator solid state navigate
9;deposit Assistant;Deborah;IB virtual;Aufderhar;vertical;Unbranded Wooden Shirt
10;Developer Buckinghamshire;Otha;networks Cyprus Markets;Trantow;grey hard drive Peru;Incredible Frozen Mouse
